location,time_step,loss_of_load
CZE,1,442.8797933973201
CZE,2,340.94961531527997
CZE,3,235.02217534767988
CZE,4,156.0762531076698
CZE,5,105.11116406664996
CZE,6,8.177563341580026
CZE,16,1209.35475995536
CZE,17,1361.25071160702
CZE,18,1481.16856817412
CZE,19,1440.1966338470302
CZE,20,1284.3034203098
CZE,21,1208.3554444839701
CZE,22,863.5916068535598
CZE,23,646.7401495613899
CZE,24,354.94003191477987
CZE,25,197.04818743476017
CZE,26,240.01875270464006
CZE,27,167.06872329298994
CZE,28,19.17003352690017
CZE,29,36.15839654056981
CZE,30,254.00916930412995
CZE,31,671.7230363461999
CZE,32,745.1094634206598
CZE,38,596.1908260293897
CZE,39,1612.38877244357
CZE,40,2439.51210523953
CZE,41,2407.53401015497
CZE,42,2429.5189505256003
CZE,43,2285.6175226450796
CZE,44,2131.7229400506403
CZE,45,1921.8666910582097
CZE,46,1557.11654399995
CZE,47,1193.36571241308
CZE,48,857.5957140251999
CZE,49,382.9208651137701
CZE,50,278.99205608895
CZE,51,300.9769964595798
CZE,52,242.01738364742005
CZE,53,271.9968477891998
CZE,54,253.0098538327402
CZE,55,474.85788848186985
CZE,56,289.14014956138993
CZE,63,506.0974948455498
CZE,64,1918.86874464404
CZE,65,2148.7113030643104
CZE,66,2103.7421068516496
CZE,67,2027.7941310258202
CZE,68,1825.9324058045304
CZE,69,1620.0734186976797
CZE,70,1198.3622897700402
CZE,71,1010.4909811482498
CZE,72,686.71276841709
CZE,73,396.91128171326
CZE,74,265.0016394894501
CZE,75,343.9475617294602
CZE,76,315.96672853046994
CZE,77,278.99205608895
CZE,78,219.0331278054
CZE,79,409.9023828413601
CZE,80,374.3634235340402
CZE,88,1814.0180895270798
CZE,89,2154.70719589266
CZE,90,2370.55933771344
CZE,91,2366.56207582787
CZE,92,2219.6627015331796
CZE,93,2038.78660121114
CZE,94,1584.09806172755
CZE,95,1373.24249726373
CZE,96,1073.44785584598
CZE,97,991.5039871918002
CZE,98,1079.44374867434
CZE,99,1038.47181434724
CZE,100,898.5676483522898
CZE,101,1032.4759215188901
CZE,102,1514.14597873007
CZE,103,2618.38957461878
CZE,104,3037.1802265115
CZE,105,1031.4843925064501
CZE,106,293.37760604367986
CZE,107,295.73516527000993
CZE,110,767.61605729231
CZE,111,1925.9207901692598
CZE,112,3616.0653433520497
CZE,113,3773.59825954851
CZE,114,3804.5770391616797
CZE,115,3617.7050460112796
CZE,116,3499.78582038697
CZE,117,3093.0644235302198
CZE,118,2602.4005270765
CZE,119,2090.7510057235404
CZE,120,1668.0405613245202
CZE,121,1438.1980029042402
CZE,122,1468.17746704602
CZE,123,1397.2260685771498
CZE,124,1268.3143727675201
CZE,125,1339.2657712363898
CZE,126,1755.9803228070596
CZE,127,2836.2403473823497
CZE,128,2809.4912377925198
CZE,136,3383.58376680115
CZE,137,3668.6701350523
CZE,138,3947.4791515708102
CZE,139,3793.58456897636
CZE,140,3764.60442030598
CZE,141,3375.8707019343
CZE,142,2827.2465081398204
CZE,143,2324.59082602939
CZE,144,1905.8776435159298
CZE,145,1687.0275552809799
CZE,146,1750.9837454501003
CZE,147,1663.04398396756
CZE,148,1540.1281809862799
CZE,149,1613.07821039793
CZE,150,2075.76127365266
CZE,151,3154.0226672851604
CZE,152,3194.8680814664795
CZE,158,1270.19427002348
CZE,159,2839.0627228842304
CZE,160,4080.3881092660104
CZE,161,4075.39153190905
BLK,162,158.87446509466827
CZE,162,4176.32239451969
CZE,163,4143.582491630795
CZE,164,3889.5188542300402
CZE,165,3537.75980829988
CZE,166,2958.15683489223
CZE,167,2442.5100516537004
CZE,168,2012.8043989549296
CZE,169,1780.9632095918696
CZE,170,1825.9324058045304
CZE,171,1760.9769001640198
CZE,172,1655.0494601964201
CZE,173,1719.0056503655396
CZE,174,2154.70719589266
CZE,175,3215.9802265115004
CZE,176,3589.4427539079998
CZE,177,2149.76745576118
CZE,178,1174.90037195764
CZE,179,461.6990029004296
CZE,180,293.5325448021904
CZE,181,1138.6435560832201
CZE,182,1761.26614552727
CZE,183,2699.87641345638
CZE,184,3969.82302022499
CZE,185,3994.4469787262597
BLK,186,455.6279008466008
CZE,186,5340.999853117829
BLK,187,709.7068274039993
CZE,187,4560.715597128421
SKO,187,152.55054612051936
BLK,188,123.73429131000012
CZE,188,3756.609896534839
SKO,188,122.62318163593955
CZE,189,3393.8583804193604
CZE,190,2809.25882965475
CZE,191,2303.60520113015
CZE,192,1876.8974948455498
CZE,193,1660.0460375533803
CZE,194,1680.0323469812301
CZE,195,1574.10490701362
CZE,196,1455.1863659179198
CZE,197,1534.13228815792
CZE,198,1919.8680601154301
CZE,199,3007.12329299047
CZE,200,3062.5995109591204
CZE,206,672.0407003221803
CZE,207,2377.0975161966
CZE,208,3713.6393312649598
CZE,209,3782.5920987910404
CZE,210,3732.6263252214203
CZE,211,3450.81936228874
CZE,212,3299.9227261084698
CZE,213,2869.2177579382997
CZE,214,2279.62162981673
CZE,215,1753.98169186427
CZE,216,1376.2404436779102
CZE,217,874.58407703887
CZE,218,747.6710121720298
CZE,219,753.6669050003802
CZE,220,707.6983933163301
CZE,221,692.70866124544
CZE,222,657.7326197467
CZE,223,958.5265766358398
CZE,224,1193.72464069663
CZE,232,1936.2160359412605
CZE,233,2192.68118380558
CZE,234,2170.69624343494
CZE,235,2053.7763332820196
CZE,236,1862.9070782460503
CZE,237,1605.08368662679
CZE,238,1172.38008751384
CZE,239,855.5970830824199
CZE,240,669.72440540341
CZE,241,453.8722635826298
CZE,242,366.9318175714898
CZE,243,424.8921149122498
CZE,244,384.9194960565501
CZE,245,369.92976398566
CZE,246,355.9393473861701
CZE,247,605.76821523429
CZE,248,616.1977676110201
CZE,256,1905.6736539908998
CZE,257,2275.62436793116
CZE,258,2415.52853392611
CZE,259,2438.5127897681296
CZE,260,2372.5579686562296
CZE,261,2212.66749323343
CZE,262,1841.9214533468103
CZE,263,1590.0939545559
CZE,264,1300.2924678520799
CZE,265,1195.36434335587
CZE,266,1315.28219992297
CZE,267,1225.3438074976398
CZE,268,1107.4245818733302
CZE,269,1170.38145657105
CZE,270,1668.0405613245202
CZE,271,2852.2293949246296
CZE,272,3149.8214158745604
CZE,273,634.3481713135602
CZE,279,1842.4146882350904
CZE,280,3787.5886761480097
CZE,281,3730.62769427864
CZE,282,3791.5859380335796
CZE,283,3583.7283199839403
CZE,284,3499.78582038697
CZE,285,3158.0199291707304
CZE,286,2549.4368070927003
CZE,287,2024.7961846116395
CZE,288,1582.09943078476
CZE,289,1396.22675310576
CZE,290,1432.2021100758898
CZE,291,1336.26782482221
CZE,292,1223.3451765548598
CZE,293,1292.29794408094
CZE,294,1783.9611560060503
CZE,295,2898.1979066086797
CZE,296,1476.0248385176
CZE,304,1804.8486793722504
CZE,305,3270.9425774380898
CZE,306,3603.71462941179
CZE,307,3485.7954037874697
CZE,308,3406.8494815474696
CZE,309,3149.0260899282002
CZE,310,2525.4532357792796
CZE,311,2022.79755366886
CZE,312,1577.1028534277998
CZE,313,1372.2431817923398
CZE,314,1375.24112820652
CZE,315,1273.3109501244799
CZE,316,1167.3835101568802
CZE,317,1268.3143727675201
CZE,318,1723.0029122511096
CZE,319,2872.2157043524803
CZE,320,2340.6857615636595
CZE,327,627.9933502016506
CZE,328,3431.5509094279905
CZE,329,3600.7166829976104
CZE,330,3730.62769427864
CZE,331,3527.76665358596
CZE,332,3462.81114794545
CZE,333,3185.00144689833
CZE,334,2595.4053187767604
CZE,335,2062.7701725245597
CZE,336,1657.0480911391996
CZE,337,1417.2123780050001
CZE,338,1453.1877349751298
CZE,339,1364.2486580211998
CZE,340,1261.31916446777
CZE,341,1392.22949122019
CZE,342,1872.9002329599798
CZE,343,2982.14040620566
CZE,344,1754.0385290897502
CZE,352,3155.53584979862
CZE,353,3628.6975161966
CZE,354,3797.58183086193
CZE,355,3595.72010564065
CZE,356,3503.78308227254
CZE,357,3159.0192446421297
CZE,358,2609.39573537625
CZE,359,2070.7646962956997
CZE,360,1643.0576745397102
CZE,361,1412.21580064804
CZE,362,1454.18705044652
CZE,363,1316.2815153943602
CZE,364,1210.3540754267501
CZE,365,1331.2712474652499
CZE,366,1787.9584178916202
CZE,367,2866.21981152412
CZE,368,2258.46043400519
CZE,376,2640.40293360216
CZE,377,3456.8152551170897
CZE,378,3519.77212981482
CZE,379,3270.9425774380898
CZE,380,3134.0363578573097
CZE,381,2697.33549685879
CZE,382,2126.72636269367
CZE,383,1562.1131213569101
CZE,384,1230.3403848546
CZE,385,742.6744348150601
CZE,386,620.7579473051801
CZE,387,617.7600008909999
CZE,388,619.7586318337899
CZE,389,586.7812212778299
CZE,390,570.79217373556
CZE,391,923.5505351371098
CZE,392,756.5383312687802
CZE,399,489.62299887393965
CZE,400,2171.41410000205
CZE,401,2320.59356414382
CZE,402,2251.6407966177403
CZE,403,2200.67570757672
CZE,404,1990.8194585843003
CZE,405,1817.9378820333905
CZE,406,1314.2828844515702
CZE,407,1025.48071321914
CZE,408,734.6799110439201
CZE,409,510.83324545201003
CZE,410,401.9078590702202
CZE,411,441.8804779259199
CZE,412,412.9003292555399
CZE,413,350.9427700292099
CZE,414,305.97357381654
CZE,415,545.80928695074
CZE,424,1464.4126132982196
CZE,425,2137.71883287899
CZE,426,2312.59904037268
CZE,427,2372.5579686562296
CZE,428,2286.61683811648
CZE,429,2088.75237478076
CZE,430,1745.98716809313
CZE,431,1623.0713651118604
CZE,432,1265.31642635334
CZE,433,1117.4177365872501
CZE,434,1203.35886712701
CZE,435,1113.4204747016802
CZE,436,975.5149396495199
CZE,437,1061.4560701892701
CZE,438,1563.11243682831
CZE,439,2700.33344327297
CZE,440,3083.5076664791
CZE,441,1198.0111479454504
CZE,442,275.4673969378696
CZE,443,782.24686107965
CZE,444,435.63933126495976
CZE,445,688.7476044315604
CZE,446,1197.1667712325707
CZE,447,2071.82084899256
CZE,448,3674.3845689763602
CZE,449,3691.6543908943304
CZE,450,3775.5968904912997
CZE,451,3626.6988852538198
CZE,452,3542.7563856568504
CZE,453,3126.0418340861697
CZE,454,2547.43817614992
CZE,455,2018.80029178329
CZE,456,1605.08368662679
CZE,457,1375.24112820652
CZE,458,1382.2363365062602
CZE,459,1275.3095810672698
CZE,460,1184.3718731705499
CZE,461,1274.31026559587
CZE,462,1758.9782692212402
CZE,463,2865.2204960527297
CZE,464,2919.0570113621498
CZE,471,1105.2297478644605
CZE,472,3598.1551342462403
CZE,473,3771.59962860573
CZE,474,3895.5147470583997
CZE,475,3701.64754560825
CZE,476,3614.70709959711
CZE,477,3171.0110302988396
CZE,478,2581.41490217726
CZE,479,2066.7674344101297
CZE,480,1648.0542518966704
CZE,481,1416.21306253361
CZE,482,1445.19321120399
CZE,483,1322.2774082227102
CZE,484,1234.33764674017
CZE,485,1326.2746701082801
CZE,486,1804.9467809052903
CZE,487,2892.20201378033
CZE,488,2723.6275766320305
CZE,494,682.3927833196499
CZE,495,1733.8482301368595
CZE,496,3140.3421282027
CZE,497,3779.5941523768697
CZE,498,3899.5120089439697
CZE,499,3732.6263252214203
CZE,500,3670.6687659950903
CZE,501,3254.95352989581
CZE,502,2662.3594553600497
CZE,503,2115.7338925083604
CZE,504,1670.0391922672998
CZE,505,1476.17199081716
CZE,506,1437.19868743285
CZE,507,1353.2561878358802
CZE,508,1222.34586108346
CZE,509,1310.2856225659998
CZE,510,1738.9919597933904
CZE,511,2856.2266568102004
CZE,512,2308.42620757481
CZE,518,581.1804618047195
CZE,519,1783.8140037064895
CZE,520,3769.31953875865
CZE,521,3754.6112655920597
CZE,522,3779.5941523768697
CZE,523,3599.71736752622
CZE,524,3498.78650491558
CZE,525,3139.03293521428
CZE,526,2537.4450214359904
CZE,527,2072.76332723848
CZE,528,1641.0590435969198
CZE,529,1399.2246995199398
CZE,530,1441.19594931842
CZE,531,1311.2849380374
CZE,532,1144.3992543148502
CZE,533,1228.34175391182
CZE,534,1684.0296088668001
CZE,535,2767.28757985627
CZE,536,2660.03031474646
CZE,537,207.5139448831801
CZE,539,189.9626640609199
CZE,542,849.5599259464898
CZE,543,1764.82700975003
CZE,544,3452.6140037064897
CZE,545,3689.65575995154
CZE,546,3778.5948369054704
CZE,547,3502.78376680115
CZE,548,3382.86591023405
CZE,549,2945.16573376413
CZE,550,2339.5805581002796
CZE,551,1765.97347752098
CZE,552,1435.20005649007
CZE,553,1007.4930347340801
CZE,554,878.5813389244399
CZE,555,887.5751781669801
CZE,556,836.6100891259598
CZE,557,849.6011902540599
CZE,558,819.6217261122902
CZE,559,1189.36845052751
CZE,568,2223.09704561016
CZE,569,2392.5442780840804
CZE,570,2498.47171805169
CZE,571,2465.49430749573
CZE,572,2276.6236834025503
CZE,573,2085.75442836658
CZE,574,1584.09806172755
CZE,575,1360.2513961356299
CZE,576,1071.4492249032
CZE,577,795.6381547988699
CZE,578,650.7374114469599
CZE,579,690.71003030266
CZE,580,674.7209827603801
CZE,581,644.7415186185999
CZE,582,597.77369146315
CZE,583,838.6087200687398
CZE,584,39.262230946739805
CZE,592,1782.1949332010395
CZE,593,2280.6209452881203
CZE,594,2509.4641882369997
CZE,595,2593.40668783397
CZE,596,2530.4498131362498
CZE,597,2350.57302828559
CZE,598,1883.8927031453004
CZE,599,1718.0063348941403
CZE,600,1456.18568138931
CZE,601,1315.28219992297
CZE,602,1362.2500270784099
CZE,603,1286.30205125258
CZE,604,1165.3848792140898
CZE,605,1282.30478936701
CZE,606,1748.9851145073098
CZE,607,2958.15683489223
CZE,608,2072.7426950847002
CZE,616,2486.38183086193
CZE,617,3699.6489146654703
CZE,618,3976.4593002411902
CZE,619,3845.5489734887697
CZE,620,3760.60715842041
CZE,621,3454.81662417431
CZE,622,2875.21365076666
CZE,623,2364.5634448850897
CZE,624,1954.8441016141696
CZE,625,1734.9946979078204
CZE,626,1774.96731676352
CZE,627,1712.01044206579
CZE,628,1573.1055915422298
CZE,629,1682.0309779240097
CZE,630,2157.7051423068397
CZE,631,3200.99049444061
CZE,632,2444.0516527799
CZE,640,2414.50858630093
CZE,641,3711.6407003221802
CZE,642,3971.46272288423
CZE,643,3834.55650330346
CZE,644,3756.60989653484
CZE,645,3365.8775472203697
CZE,646,2859.22460322438
CZE,647,2324.59082602939
CZE,648,1877.89681031694
CZE,649,1651.0521983108501
CZE,650,1693.0234481093303
CZE,651,1591.0932700273002
CZE,652,1476.17199081716
CZE,653,1595.0905319128701
CZE,654,1982.8249348131603
CZE,655,3112.0514174866803
CZE,656,1800.7248973408996
CZE,663,517.5831999191496
CZE,664,2297.9476044315597
CZE,665,3735.6242716356
CZE,666,4001.4421870260003
CZE,667,3883.52296140169
CZE,668,3797.58183086193
CZE,669,3442.8248385176003
CZE,670,2884.20749000919
CZE,671,2281.6202607595096
CZE,672,1818.9371975047898
CZE,673,1642.05835906831
CZE,674,1710.0118111230004
CZE,675,1598.0884783270403
CZE,676,1479.16993723134
CZE,677,1591.0932700273002
CZE,678,1998.8139823554402
CZE,679,3082.0719533449
CZE,680,1198.0886173247
CZE,688,1120.1420105560892
CZE,689,3463.8104634168403
CZE,690,3862.5373365024498
CZE,691,3747.61605729231
CZE,692,3626.6988852538198
CZE,693,3293.9268332801103
CZE,694,2743.30400854285
CZE,695,2242.64695737521
CZE,696,1800.9495190197204
CZE,697,1589.0946390845102
CZE,698,1619.0741032262904
CZE,699,1487.16446100248
CZE,700,1387.23291386323
CZE,701,1457.1849968606998
CZE,702,1838.9235069326396
CZE,703,2809.25882965475
CZE,704,2465.88165439202
CZE,712,2464.03796220775
CZE,713,3501.7844513297496
CZE,714,3732.6263252214203
CZE,715,3550.7509094279903
CZE,716,3400.85358871911
CZE,717,2975.14519790591
CZE,718,2424.52237316864
CZE,719,1891.8872269164403
CZE,720,1505.15213948754
CZE,721,1065.45333207484
CZE,722,974.5156241781201
CZE,723,1028.4786596333201
CZE,724,1009.4916656768601
CZE,725,1016.4868739766098
CZE,726,990.5046717204
CZE,727,1298.29383690929
CZE,737,2267.62984416002
CZE,738,2525.4532357792796
CZE,739,2512.4621346511803
CZE,740,2229.6558562471
CZE,741,2016.8016608404996
CZE,742,1551.1206511716
CZE,743,1294.29657502372
CZE,744,1036.47318340446
CZE,745,827.5425548191001
CZE,746,792.5455380891499
CZE,747,818.54332194569
CZE,748,792.5455380891499
CZE,749,763.5480099414799
CZE,750,699.5534650638601
CZE,751,918.53479831697
CZE,760,46.43132146434937
CZE,761,2123.43208859094
CZE,762,2579.39322084399
CZE,763,2635.38844761191
CZE,764,2510.3991021478096
CZE,765,2306.4164903503897
CZE,766,1899.45118151926
CZE,767,1760.4630293631799
CZE,768,1534.4822927640798
CZE,769,1389.49465202572
CZE,770,1500.48519079784
CZE,771,1395.4941406079902
CZE,772,1332.49951049408
CZE,773,1444.48996402992
CZE,774,1939.4477720677796
CZE,775,3085.3500912826903
CZE,776,893.3083255019701
CZE,784,1630.2963071854797
CZE,785,3586.3073879028198
CZE,786,3987.2732081516597
CZE,787,3831.28650501246
CZE,788,3796.2894882825103
CZE,789,3511.3137806243503
CZE,790,2925.36372908863
CZE,791,2355.41231377231
CZE,792,1982.44410690743
CZE,793,1761.4629441268899
CZE,794,1834.4567218779302
CZE,795,1701.46805830412
CZE,796,1600.4766671691204
CZE,797,1739.4648193252096
CZE,798,2174.4277415402903
CZE,799,3272.33415209699
CZE,800,806.2903406453797
CZE,808,1101.8956252951903
CZE,809,3646.3022737255897
CZE,810,4088.26459928666
CZE,811,3941.2771290208702
CZE,812,3855.2844593415703
CZE,813,3563.3093483374196
CZE,814,2957.36100152744
CZE,815,2465.40293778073
CZE,816,2024.4405269833696
CZE,817,1835.4566366416402
CZE,818,1904.4507553378298
CZE,819,1755.46345554461
CZE,820,1672.47053015645
CZE,821,1792.4603018019898
CZE,822,2215.42424685252
CZE,823,3337.3286117383204
CZE,824,1179.67883374662
CZE,832,2519.0865902487503
CZE,833,3794.2896587550904
CZE,834,4180.25675754824
CZE,835,4038.26886110102
CZE,836,3953.27610618543
CZE,837,3635.30321132474
CZE,838,2949.36168341774
CZE,839,2452.4040458524596
CZE,840,2048.43848131247
CZE,841,1867.45390908045
CZE,842,1956.44632305089
CZE,843,1797.4598756205496
CZE,844,1728.46575692437
CZE,845,1846.4556990424799
CZE,846,2282.4185360212796
CZE,847,3360.3266513037097
CZE,848,1693.68582312216
CZE,856,1089.0814760715198
CZE,857,3905.2801975272096
CZE,858,4272.24891580982
CZE,859,4108.26289456092
CZE,860,4039.26877586473
CZE,861,3676.2997166369696
CZE,862,3096.34915368353
CZE,863,2560.39484033345
CZE,864,2168.4282529580096
CZE,865,1920.4493915572302
CZE,866,1975.4447035614403
CZE,867,1911.4501586838196
CZE,868,1787.46072798342
CZE,869,1901.45101104669
CZE,870,2330.41444467949
CZE,871,3390.3240942150996
CZE,872,261.2859935947399
CZE,881,3642.30261467073
CZE,882,4044.2683496832897
CZE,883,3846.2852264681496
CZE,884,3772.2915339534
CZE,885,3373.32554323198
CZE,886,2793.3749802785396
CZE,887,2242.42194547276
CZE,888,1883.4525452998596
CZE,889,1492.4858726881398
CZE,890,1397.49397013542
CZE,891,1339.4989138400701
CZE,892,1348.4981467134899
CZE,893,1417.49226540967
CZE,894,1433.4909016290799
CZE,895,1760.4630293631799
CZE,905,2231.8177688946903
CZE,906,2756.37813402116
CZE,907,2840.37097417304
CZE,908,2585.39270942627
CZE,909,2318.4154675149402
CZE,910,1916.4497325023804
CZE,911,1563.4798209117498
CZE,912,1288.50326089072
CZE,913,1040.5243994899402
CZE,914,953.5318150469202
CZE,915,1018.5262746882499
CZE,916,1045.5239733085
CZE,917,1051.5234618907798
CZE,918,1004.5274679962699
CZE,919,1227.50846030424
CZE,928,103.4010625824103
CZE,929,2376.41052381028
CZE,930,2687.3840153249803
CZE,931,2932.3631324346197
CZE,932,2825.3722527173504
CZE,933,2647.3874247764597
CZE,934,2245.4216897639
CZE,935,2090.4349013884103
CZE,936,1854.4550171521796
CZE,937,1745.4643079074804
CZE,938,1867.45390908045
CZE,939,1717.4666945235304
CZE,940,1664.4712120467502
CZE,941,1753.46362601719
CZE,942,2239.42220118163
CZE,943,3349.32758890287
CZE,944,2307.68428886899
CZE,949,466.8481486832402
CZE,950,1379.45164337101
CZE,951,1945.2694577550296
CZE,952,2277.47670283944
CZE,953,3869.28326603355
CZE,954,4130.2610193626
CZE,955,3933.2778109111696
CZE,956,3847.2851412318696
CZE,957,3485.3159967678203
CZE,958,2929.36338814348
CZE,959,2386.40967144741
CZE,960,1946.4471754137603
CZE,961,1761.4629441268899
CZE,962,1848.4555285699098
CZE,963,1654.4720644096196
CZE,964,1578.4785423674398
CZE,965,1709.4673764138197
CZE,966,2129.43157717321
CZE,967,3127.7413971814
CZE,968,894.7031260884601
CZE,975,74.09178966226
CZE,976,2210.2976709660797
CZE,977,3527.31241684376
CZE,978,3897.28087941751
CZE,979,3774.29136348083
CZE,980,3684.2990347466703
CZE,981,3344.32801508431
CZE,982,2718.38137300007
CZE,983,2213.42441732509
CZE,984,1833.4568071142103
CZE,985,1627.4743657893696
CZE,986,1669.47078586531
CZE,987,1481.4868102873002
CZE,988,1361.49703864176
CZE,989,1440.49030497507
CZE,990,1894.4516077007002
CZE,991,2983.35878538398
CZE,992,2006.9200881096
CZE,1000,1269.5118201897499
CZE,1001,3388.7191505104397
CZE,1002,3776.29119300825
CZE,1003,3684.2990347466703
SKO,1003,26.187857492835974
CZE,1004,3585.3074731391
CZE,1005,3281.3333849704004
CZE,1006,2740.3794978017604
CZE,1007,2190.4263777597
CZE,1008,1809.4588527851101
CZE,1009,1589.47760476828
CZE,1010,1628.4742805530796
CZE,1011,1482.4867250510101
CZE,1012,1384.49507820715
CZE,1013,1463.4883445404698
CZE,1014,1923.4491358483701
CZE,1015,3002.35716589452
CZE,1016,1562.7223894893598
CZE,1024,1566.30176230786
CZE,1025,3442.31966192817
CZE,1026,3754.29306820657
CZE,1027,3713.2965628943502
CZE,1028,3595.3066207762304
CZE,1029,3255.3356011138703
CZE,1030,2746.37898638403
CZE,1031,2262.42024074702
CZE,1032,1873.45339766273
CZE,1033,1633.4738543716503
CZE,1034,1712.4671207049596
CZE,1035,1617.47521815224
CZE,1036,1501.48510556155
CZE,1037,1574.47888331259
CZE,1038,1989.4435102534198
CZE,1039,2847.55512022363
CZE,1049,3247.7311688269397
CZE,1050,3645.3023589618697
CZE,1051,3600.3061945948
CZE,1052,3491.3154853501
CZE,1053,3055.3526483713003
CZE,1054,2524.39790883978
CZE,1055,1970.4451297428704
CZE,1056,1568.47939473031
CZE,1057,1211.5098240848301
CZE,1058,1174.51297782746
CZE,1059,1109.5185181861202
CZE,1060,1047.52380283593
CZE,1061,1086.52047862073
CZE,1062,1096.5196262578602
CZE,1063,1153.0944815531398
CZE,1073,2049.8332818989597
CZE,1074,2412.40745530395
CZE,1075,2538.3967155317596
CZE,1076,2260.4204112195903
CZE,1077,1985.44385119857
CZE,1078,1590.4775195319999
CZE,1079,1317.50078903839
CZE,1080,1072.52167192875
CZE,1081,752.5489475406398
CZE,1082,625.5597725491102
CZE,1083,685.5546583718801
CZE,1084,671.5558516799001
CZE,1085,645.55806782337
CZE,1086,571.5643753086201
CZE,1087,521.5432367093999
CZE,1097,1814.2482834854998
CZE,1098,2186.42671870485
CZE,1099,2544.3962041140403
CZE,1100,2384.40984191999
CZE,1101,2138.4308100466296
CZE,1102,1829.4571480593604
CZE,1103,1705.4677173589698
CZE,1104,1450.4894526121998
CZE,1105,1355.49755005948
CZE,1106,1456.48894119448
CZE,1107,1315.50095951097
CZE,1108,1229.50828983166
CZE,1109,1346.49831718606
CZE,1110,1840.4562104602
CZE,1111,2497.55955251056
CZE,1122,3512.3136953880703
CZE,1123,3656.3014213627102
CZE,1124,3636.30312608846
CZE,1125,3270.33432256956
CZE,1126,2733.3800944557697
CZE,1127,2210.42467303395
CZE,1128,1818.4580856585198
CZE,1129,1620.4749624433798
CZE,1130,1687.4692516121404
CZE,1131,1545.48135516492
CZE,1132,1443.49004926621
CZE,1133,1581.4782866585801
CZE,1134,2035.4395893842102
CZE,1135,2715.14608517719
CZE,1145,3052.93253260753
CZE,1146,3677.2996314006796
CZE,1147,3718.29613671291
CZE,1148,3642.30261467073
CZE,1149,3315.33048693664
CZE,1150,2733.3800944557697
CZE,1151,2195.4259515782596
CZE,1152,1825.4574890045096
CZE,1153,1656.4718939370396
CZE,1154,1686.4693368484304
CZE,1155,1531.48254847294
CZE,1156,1437.4905606839302
CZE,1157,1536.4821222915002
CZE,1158,1985.44385119857
CZE,1159,2975.75435309704
CZE,1160,1430.7082402656902
CZE,1163,482.87218531622057
CZE,1164,526.4735490968092
CZE,1165,1665.8729524427995
CZE,1166,1855.2771290208698
CZE,1167,2123.88471505043
CZE,1168,2657.88999970024
CZE,1169,3592.3068764850896
CZE,1170,3847.2851412318696
CZE,1171,3768.2918748985503
CZE,1172,3669.30031329098
CZE,1173,3355.32707748515
CZE,1174,2774.3765997679902
CZE,1175,2254.4209226373196
CZE,1176,1872.45348289902
CZE,1177,1657.4718087007504
CZE,1178,1748.4640521986203
CZE,1179,1582.47820142229
CZE,1180,1473.48749217759
CZE,1181,1580.4783718948702
CZE,1182,2044.43882225762
CZE,1183,2902.5504322278302
CZE,1193,2500.7440395063
CZE,1194,3546.3107973543
CZE,1195,3754.29306820657
CZE,1196,3689.29860856524
CZE,1197,3348.32767413916
CZE,1198,2801.3742983882403
CZE,1199,2309.4162346415296
CZE,1200,1906.4505848652498
CZE,1201,1711.4672059412496
CZE,1202,1773.4619212914404
CZE,1203,1676.4701892112998
CZE,1204,1545.48135516492
CZE,1205,1661.4714677556103
CZE,1206,2093.43464567955
CZE,1207,2458.7476194303604
CZE,1217,1748.3624505443204
CZE,1218,3259.33526016872
CZE,1219,3458.31829814757
CZE,1220,3390.3240942150996
CZE,1221,2934.3629619620497
CZE,1222,2433.40566534192
CZE,1223,1932.4483687217898
CZE,1224,1537.4820370552202
CZE,1225,1176.51280735488
CZE,1226,1128.51689869667
CZE,1227,1048.52371759964
CZE,1228,995.5282351228602
CZE,1229,1041.5243142536501
CZE,1230,1047.52380283593
CZE,1231,579.69763529577
CZE,1241,354.66601263323014
CZE,1242,1991.4433397808398
CZE,1243,2347.4129956626102
CZE,1244,2125.43191811836
CZE,1245,1796.4599608568396
CZE,1246,1398.49388489913
CZE,1247,1153.5147677894902
CZE,1248,868.5390601313302
CZE,1249,612.5608806208402
CZE,1250,504.57008613986
CZE,1251,562.5651424352
CZE,1252,543.5667619246601
CZE,1253,547.56642097951
CZE,1254,496.5707680301498
CZE,1255,324.95491408074025
CZE,1265,1652.0519486458502
CZE,1266,2014.44137934624
CZE,1267,2430.4059210507803
CZE,1268,2266.41989980187
CZE,1269,2070.43660611416
CZE,1270,1684.4695073209996
CZE,1271,1593.4772638231302
CZE,1272,1302.5020675827
CZE,1273,1223.5088012493902
CZE,1274,1292.5029199455698
CZE,1275,1181.5123811734502
CZE,1276,1089.52022291187
CZE,1277,1250.5064998696298
CZE,1278,1714.4669502323904
CZE,1279,2547.3705479916
CZE,1289,2799.13892532907
CZE,1290,3471.31719007584
CZE,1291,3453.3187243290104
CZE,1292,3403.32298614337
CZE,1293,3036.35426786076
CZE,1294,2481.4015740001296
CZE,1295,1987.44368072599
CZE,1296,1624.4746214982297
CZE,1297,1429.49124257423
CZE,1298,1467.4880035953202
CZE,1299,1331.49959573037
CZE,1300,1209.5099945574102
CZE,1301,1342.49865813121
CZE,1302,1771.4620917640204
CZE,1303,2491.7702070464597
CZE,1313,2769.74651135862
CZE,1314,3358.3268217762898
CZE,1315,3502.3145477509397
CZE,1316,3393.3238385062396
CZE,1317,3040.35392691561
CZE,1318,2513.3988464389404
CZE,1319,2053.4380551310396
CZE,1320,1637.4735134265002
CZE,1321,1461.48851501304
CZE,1322,1479.4869807598702
CZE,1323,1332.49951049408
CZE,1324,1243.50709652364
CZE,1325,1347.49823194978
CZE,1326,1804.4592789665403
CZE,1327,2504.7690989747202
CZE,1337,2182.3508584092697
CZE,1338,3293.33236213496
CZE,1339,3439.31991763703
CZE,1340,3368.3259694134204
CZE,1341,3090.34966510125
CZE,1342,2549.3957779326
CZE,1343,2028.4401860382204
CZE,1344,1641.47317248135
CZE,1345,1456.48894119448
CZE,1346,1534.4822927640798
CZE,1347,1373.49601580631
CZE,1348,1239.5074374687902
CZE,1349,1361.49703864176
CZE,1350,1805.4591937302603
CZE,1351,1735.57370173423
CZE,1361,1656.9499208101104
CZE,1362,3266.33466351471
CZE,1363,3455.3185538564303
CZE,1364,3370.3257989408403
CZE,1365,3148.34472139659
CZE,1366,2589.39236848112
CZE,1367,2117.4326000086603
CZE,1368,1736.4650750340697
CZE,1369,1533.4823780003599
CZE,1370,1555.48050280205
CZE,1371,1434.4908163927898
CZE,1372,1290.50309041815
CZE,1373,1392.4943963168498
CZE,1374,1847.4556138061898
CZE,1375,1999.97148559076
CZE,1385,1788.35904109284
CZE,1386,3122.34693754006
CZE,1387,3264.33483398728
CZE,1388,3158.34386903372
CZE,1389,2840.37097417304
CZE,1390,2244.42177500019
CZE,1391,1695.4685697218401
CZE,1392,1353.4977205320502
CZE,1393,878.5382077684599
CZE,1394,818.54332194569
CZE,1395,747.54937372208
CZE,1396,701.5532945912901
CZE,1397,755.5486918317802
CZE,1398,752.5489475406398
CZE,1399,417.9215866924601
CZE,1409,1245.85101104669
CZE,1410,1926.44888013951
CZE,1411,2277.4189622027097
CZE,1412,2099.43413426183
CZE,1413,1834.4567218779302
CZE,1414,1407.4931177725498
CZE,1415,1130.51672822409
CZE,1416,859.53982725791
CZE,1417,608.4404379437801
CZE,1418,557.5422783382901
CZE,1419,585.4863659648299
CZE,1420,601.4544160371402
CZE,1421,625.4064911456098
CZE,1422,591.47438474195
CZE,1423,71.60281035658
CZE,1433,1200.3443498429501
CZE,1434,1905.8445063189201
CZE,1435,2271.1136517229997
CZE,1436,2207.2414514337597
CZE,1437,1962.7306847015197
CZE,1438,1637.38166447822
CZE,1439,1478.69916688464
CZE,1440,1211.2343281734602
CZE,1441,1155.34615292038
CZE,1442,1233.19039702288
CZE,1443,1102.4519870558502
CZE,1444,967.7215645707402
CZE,1445,1089.4779463721002
CZE,1446,1580.49548609561
CZE,1447,1957.1109097897706
CZE,1457,613.3797422419198
CZE,1458,3084.4862022812604
CZE,1459,3442.7693257786996
CZE,1460,3434.78530074255
CZE,1461,3072.5101647270303
CZE,1462,2516.6224215847496
CZE,1463,2006.6428224003703
CZE,1464,1608.4395737221503
CZE,1465,1453.7490886466599
CZE,1466,1501.65323886359
CZE,1467,1346.9627537880901
CZE,1468,1270.1165128151001
CZE,1469,1401.85292591165
CZE,1470,1875.9044124333404
CZE,1471,1073.65131662728
CZE,1482,2982.6898830702803
CZE,1483,3430.7932882244704
CZE,1484,3456.7413695919704
CZE,1485,3112.4302899078
CZE,1486,2525.60444975043
CZE,1487,2052.5509663582598
CZE,1488,1635.3856582191802
CZE,1489,1454.7470917761798
CZE,1490,1448.7590729990602
CZE,1491,1334.98671623386
CZE,1492,1207.24231565538
CZE,1493,1344.9667475290498
CZE,1494,1811.0342090145796
CZE,1495,1440.2333447929598
CZE,1505,1278.9597735371099
CZE,1506,3018.6179957329796
CZE,1507,3359.9350660286
CZE,1508,3387.87915365514
CZE,1509,3106.4422711306797
CZE,1510,2539.5764935637
CZE,1511,2068.5190164305704
CZE,1512,1698.2598553789003
CZE,1513,1519.6172951949302
CZE,1514,1567.52144541186
CZE,1515,1373.90883828511
CZE,1516,1263.1304909084602
CZE,1517,1374.90684141463
CZE,1518,1864.9263780086303
CZE,1529,1045.11216159751
CZE,1530,3241.17269361579
CZE,1531,3475.70342905284
CZE,1532,3518.6175636221697
CZE,1533,3187.2805246217504
CZE,1534,2583.4886312625504
CZE,1535,2084.48706650288
CZE,1536,1693.2698397312997
CZE,1537,1464.72712307137
CZE,1538,1514.62727954734
CZE,1539,1381.89286332127
CZE,1540,1281.0945472398098
CZE,1541,1367.920819508
CZE,1542,1843.96831228872
CZE,1543,790.3411757989197
CZE,1553,1346.2636108021
CZE,1554,3002.64994566067
CZE,1555,3228.19865293204
CZE,1556,3169.3164682904
CZE,1557,2782.0912540369
CZE,1558,2192.27140449097
CZE,1559,1659.3377333276403
CZE,1560,1303.05061608924
CZE,1561,842.9711733808199
CZE,1562,772.1129511849499
CZE,1563,685.2866789167701
CZE,1564,641.3745412179201
CZE,1565,680.29666326917
CZE,1566,710.2367571547502
CZE,1578,1388.8788852279
CZE,1579,1956.7426659244002
CZE,1580,1873.9084061742997
CZE,1581,1610.4355799811901
CZE,1582,1212.2323313029801
CZE,1583,930.79544877852
CZE,1584,686.2846820462901
CZE,1585,459.7379716454002
CZE,1586,372.91169937720997
CZE,1587,452.7519497387598
CZE,1588,440.77591218453017
CZE,1589,413.8298276875098
CZE,1590,395.86577135616017
CZE,1602,1290.07657540549
CZE,1603,2037.58091941547
CZE,1604,2099.45711344567
CZE,1605,1857.94035610199
CZE,1606,1504.64724825214
CZE,1607,1362.9308038604
CZE,1608,1081.4939213359398
CZE,1609,1002.65167410392
CZE,1610,1097.46197140825
CZE,1611,963.72955205266
CZE,1612,885.88530795015
CZE,1613,1024.6077429533402
CZE,1614,1535.58534526724
CZE,1626,2652.35084719938
CZE,1627,3149.3564057000103
CZE,1628,3284.08682818513
CZE,1629,2941.7717547599896
CZE,1630,2404.8460710785903
CZE,1631,1894.86647189421
CZE,1632,1511.6332701587799
CZE,1633,1338.9787287519298
CZE,1634,1374.90684141463
CZE,1635,1216.2243438210498
CZE,1636,1130.39607468239
CZE,1637,1286.08456288741
CZE,1638,1763.1300587976502
CZE,1650,2689.2769629916
CZE,1651,3155.34442447713
CZE,1652,3237.1806810977196
CZE,1653,2915.8236733924896
CZE,1654,2323.0098144579997
CZE,1655,1770.1160807042897
CZE,1656,1433.78902605627
CZE,1657,1247.16244083615
CZE,1658,1307.0426286073098
CZE,1659,1137.38209658903
CZE,1660,1063.5298650046002
CZE,1661,1189.27825932403
CZE,1662,1636.3836613487001
CZE,1663,702.2367126300503
CZE,1673,826.3920364167298
CZE,1674,3109.4362805192404
CZE,1675,3326.0029596249396
CZE,1676,3432.7892944835103
CZE,1677,3065.52414282039
CZE,1678,2494.6663527353303
CZE,1679,1936.7826033340198
CZE,1680,1564.5274360233002
CZE,1681,1363.9288069899198
CZE,1682,1389.8768883574198
CZE,1683,1211.2343281734602
CZE,1684,1072.51189317027
CZE,1685,1204.2483062668198
CZE,1686,1532.15370829149
CZE,1696,37.74274055857995
CZE,1697,1871.52813656135
CZE,1698,3172.3104776789596
CZE,1699,3327.0009627544596
CZE,1700,3376.9011192304197
CZE,1701,3051.55209900712
CZE,1702,2436.78217122321
CZE,1703,1916.8225407436303
CZE,1704,1515.62528267686
CZE,1705,1285.08655975789
CZE,1706,1326.0046880681798
CZE,1707,1219.21835320961
CZE,1708,1099.45797766729
CZE,1709,1204.2483062668198
CZE,1710,1626.4036300535
CZE,1711,1192.72856867216
CZE,1720,228.5187781128202
CZE,1721,1951.8060145101
CZE,1722,3026.60202076914
CZE,1723,3141.37238066386
CZE,1724,3111.4322867782803
CZE,1725,2722.2110662657396
CZE,1726,2126.40319794269
CZE,1727,1554.54740472811
CZE,1728,1194.26827497163
CZE,1729,709.2387540252298
CZE,1730,671.3146351035002
CZE,1731,610.43644420282
CZE,1732,577.50234092868
CZE,1733,611.4344473323399
CZE,1734,632.3925130522398
CZE,1745,703.5842872525598
CZE,1746,1757.1420400205398
CZE,1747,2061.53299452394
CZE,1748,2010.63483491845
CZE,1749,1702.25186789697
CZE,1750,1295.0665910530802
CZE,1751,1018.6197241762302
CZE,1752,747.1628729469699
CZE,1753,464.72798729298984
CZE,1754,365.92567747058
CZE,1755,382.8917306724102
CZE,1756,376.90371189529014
CZE,1757,385.88574006096997
CZE,1758,350.95563052779016
CZE,1770,1470.99532961965
CZE,1771,2051.55296322874
CZE,1772,2139.37723862644
CZE,1773,1884.8864405990098
CZE,1774,1546.56337969196
CZE,1775,1391.8728946164601
CZE,1776,1089.4779463721002
CZE,1777,978.6995989954498
CZE,1778,1060.53585561604
CZE,1779,918.81941122429
CZE,1780,847.96118902842
CZE,1781,987.6816271611301
CZE,1782,1478.69916688464
CZE,1794,2751.1531570218003
CZE,1795,3090.47422105837
CZE,1796,3259.13674994714
CZE,1797,2986.68189558836
CZE,1798,2359.93593025022
CZE,1799,1827.0022590868903
CZE,1800,1413.82896346588
CZE,1801,1200.25629374875
CZE,1802,1250.1564502247102
CZE,1803,1093.46995889018
CZE,1804,1001.6536709744
CZE,1805,1120.4160433871998
CZE,1806,1317.1454078576298
CZE,1818,2368.48033082869
CZE,1819,2975.70386116365
CZE,1820,3214.2266091187703
CZE,1821,2858.93749500989
CZE,1822,2336.9818582712696
CZE,1823,1826.0042559573703
CZE,1824,1417.8209759839601
CZE,1825,1246.16443770664
CZE,1826,1255.1464658723098
CZE,1827,1051.5538274503601
CZE,1828,960.7355426641002
CZE,1829,1119.4180402576799
CZE,1830,1170.28150800225
CZE,1843,2933.78772972384
CZE,1844,3201.2525684350203
CZE,1845,2955.7437985732604
CZE,1846,2347.9598926959898
CZE,1847,1835.9842872525596
CZE,1848,1441.7730510924298
CZE,1849,1243.1704283180802
CZE,1850,1263.1304909084602
CZE,1851,1104.44799331489
CZE,1852,990.6756365496799
CZE,1853,1131.39407781191
CZE,1854,1103.69548609561
CZE,1866,2220.0580523014696
CZE,1867,2842.96944493758
CZE,1868,3166.32245890184
CZE,1869,2909.83565461537
CZE,1870,2332.9898457532
CZE,1871,1826.0042559573703
CZE,1872,1406.84294155925
CZE,1873,1199.2582906192301
CZE,1874,1242.1724251885598
CZE,1875,1120.4160433871998
CZE,1876,995.66565219728
CZE,1877,1104.44799331489
CZE,1878,1059.0655330383997
CZE,1890,2064.3695640964597
CZE,1891,2640.37480964515
CZE,1892,2876.9015513412396
CZE,1893,2583.4886312625504
CZE,1894,2022.61087247268
CZE,1895,1439.77704483339
CZE,1896,1058.539849357
CZE,1897,616.42446297993
CZE,1898,528.6001875822299
CZE,1899,449.7579403502
CZE,1900,457.7419653863599
CZE,1901,517.6221531575202
CZE,1914,1171.5943907638502
CZE,1915,1652.35171142101
CZE,1916,1705.2458772855298
CZE,1917,1423.8089947610802
CZE,1918,992.6716428087202
CZE,1919,723.2107978385002
CZE,1920,407.8418089103898
CZE,1921,212.23319552459998
CZE,1922,142.37297645824992
CZE,1923,171.31506721431015
CZE,1924,139.37896706969013
CZE,1925,123.4109169973799
CZE,1926,7.922741744300218
CZE,1938,1299.3387913423203
CZE,1939,1925.8045689093096
CZE,1940,2085.4850696324
CZE,1941,1853.9483435839102
CZE,1942,1467.7211324599298
CZE,1943,1355.94478195376
CZE,1944,1088.4799432425798
CZE,1945,939.7774769441999
CZE,1946,1045.56580867325
CZE,1947,922.8114237423702
CZE,1948,872.9112672664
CZE,1949,984.6876177725699
CZE,1950,976.9490886466599
CZE,1962,2134.5099709339697
CZE,1963,2824.0073854767097
CZE,1964,3158.3384338656897
CZE,1965,2934.78573285336
CZE,1966,2336.9818582712696
CZE,1967,1772.1120869633296
CZE,1968,1418.81897911348
CZE,1969,1189.27825932403
CZE,1970,1252.15245648375
CZE,1971,1076.5039056883502
CZE,1972,1008.63969288103
CZE,1973,1144.36811849566
CZE,1974,844.3374203757102
CZE,1986,2163.4520616900295
CZE,1987,2789.0772759435304
CZE,1988,3129.39634310963
CZE,1989,2872.90953882316
CZE,1990,2235.1855390602996
CZE,1991,1662.3317427162
CZE,1992,1290.07657540549
CZE,1993,1081.4939213359398
CZE,1994,1106.44399957393
CZE,1995,953.7495207574698
CZE,1996,894.8673361158299
CZE,1997,1011.6337022695898
CZE,1998,750.52512620089
CZE,2010,2325.2860084882
CZE,2011,2775.1052321302604
CZE,2012,3053.54810526616
CZE,2013,2736.1831100790096
CZE,2014,2124.40719168365
CZE,2015,1606.4435674631204
CZE,2016,1184.2882436764398
CZE,2017,969.71757082978
CZE,2018,973.7095833478602
CZE,2019,790.0770075163
CZE,2020,722.2127947089798
CZE,2021,816.0250888838
CZE,2022,1145.6463093963403
CZE,2033,222.44270324149966
CZE,2034,2558.81874079573
CZE,2035,2787.0812696844996
CZE,2036,2949.75577979615
CZE,2037,2676.30292230785
CZE,2038,2086.48307276192
CZE,2039,1522.61130458349
CZE,2040,1141.3741091071001
CZE,2041,902.8513611519802
CZE,2042,926.8034362604499
CZE,2043,778.1009699620699
CZE,2044,650.3565693835899
CZE,2045,760.1369136307198
CZE,2046,1074.07027184211
CZE,2058,2239.02011176234
CZE,2059,2581.4926250035096
CZE,2060,2789.0772759435304
CZE,2061,2426.8021399280096
CZE,2062,1808.0401996260198
CZE,2063,1241.17442205904
CZE,2064,867.92125161881
CZE,2065,486.6840561424201
CZE,2066,396.8637744856801
CZE,2067,329.9975648078798
CZE,2068,299.0594677927802
CZE,2069,331.99357106692014
CZE,2070,117.26545840421997
CZE,2082,837.66627810115
CZE,2083,1521.61330145397
CZE,2084,1730.1959555235198
CZE,2085,1538.5793546558002
CZE,2086,1130.39607468239
CZE,2087,794.0690200343702
CZE,2088,484.6880498833798
CZE,2089,217.22321117220008
CZE,2090,211.23519239508005
CZE,2091,248.16130818730016
CZE,2092,285.0874239795098
CZE,2093,206.24517674747995
CZE,2106,1115.70621551076
CZE,2107,1305.04662234828
CZE,2108,1602.4515549450398
CZE,2109,1730.1959555235198
CZE,2110,1403.8489321706902
CZE,2111,1274.1085253331798
CZE,2112,977.7015958659299
CZE,2113,733.1908291336999
CZE,2114,821.0151045314001
CZE,2115,725.20680409754
CZE,2116,650.3565693835899
CZE,2117,706.24474463667
CZE,2118,684.5341716974901
CZE,2130,1997.1884747865802
CZE,2131,2386.8820147472397
CZE,2132,2644.3668221632297
CZE,2133,2811.0333447929597
CZE,2134,2297.0617330904997
CZE,2135,1792.07214955371
CZE,2136,1396.8629102640598
CZE,2137,1001.6536709744
CZE,2138,1068.5198806521898
CZE,2139,953.7495207574698
CZE,2140,824.0091139199599
CZE,2141,921.8134206128502
CZE,2142,1350.2369509478099
CZE,2143,1454.0826406511103
CZE,2144,91.51216159751039
CZE,2154,2398.2629848982397
CZE,2155,2393.86803665388
CZE,2156,2584.4866343920703
CZE,2157,2694.2669786392
CZE,2158,2238.1795484488603
CZE,2159,1717.2219148397598
CZE,2160,1323.01067867962
CZE,2161,995.5893980260998
CZE,2162,1073.92175317063
CZE,2163,1008.64479055019
CZE,2164,912.2357380646099
CZE,2165,999.60644187967
CZE,2166,562.5451802227599
CZE,2178,2691.70306816153
CZE,2179,2826.35713428863
CZE,2180,2979.0048007241303
CZE,2181,2954.9025376027303
CZE,2182,2423.6484879686795
CZE,2183,1953.6543571015
CZE,2184,1558.97979848868
CZE,2185,1249.6674217641298
CZE,2186,1318.9614282381299
CZE,2187,1246.6546388739498
CZE,2188,1130.1603671205498
CZE,2189,1178.36489336334
CZE,2190,1317.2184124386004
CZE,2191,444.7558078916504
CZE,2202,2691.70306816153
CZE,2203,2844.43383162968
CZE,2204,3021.1837611865603
CZE,2205,3032.23063178387
CZE,2206,2472.8572751748598
CZE,2207,2021.9441026121203
CZE,2208,1609.1928466582503
CZE,2209,1277.78672873909
CZE,2210,1332.01682076222
CZE,2211,1318.9614282381299
CZE,2212,1209.49698322847
CZE,2213,1233.59924634986
CZE,2214,667.99258137885
CZE,2226,2139.9736475834097
CZE,2227,2454.7805778338097
CZE,2228,2556.2109351363497
CZE,2229,2601.40267848896
CZE,2230,2088.2253261959504
CZE,2231,1554.9627546351098
CZE,2232,1122.12627941342
CZE,2233,616.98301482754
CZE,2234,519.5697013785798
CZE,2235,601.91910037667
CZE,2236,586.8551859258
CZE,2237,628.0298854248499
CZE,2250,485.56568920152995
CZE,2251,1382.22986893179
CZE,2252,1480.64744334415
CZE,2253,1603.1672808779003
CZE,2254,1181.37767625351
CZE,2255,875.0780824191302
CZE,2256,557.7316179874501
CZE,2257,312.6919429199502
CZE,2258,231.3468048852401
CZE,2259,306.6663771396002
CZE,2260,265.4916776405498
CZE,2261,256.4533289700298
CZE,2274,467.8791435367202
CZE,2275,1213.5140270820398
CZE,2276,1320.9699501649202
CZE,2277,1490.69005297806
CZE,2278,1090.9941895482798
CZE,2279,838.9246877370401
CZE,2280,496.4716992205699
CZE,2281,192.18062731298005
CZE,2282,88.74174808365979
CZE,2283,95.77157482739995
CZE,2284,115.85679409522982
CZE,2285,180.12949575228004
CZE,2298,269.99818523228
CZE,2299,1170.33080565621
CZE,2300,1366.1616935175298
CZE,2301,1549.94144981816
CZE,2302,1174.3478495097702
CZE,2303,934.3294792592301
CZE,2304,672.2173678140698
CZE,2305,535.63787679284
CZE,2306,681.2557164845898
CZE,2307,641.0852779489401
CZE,2308,559.74013991423
CZE,2309,668.2003239605001
CZE,2322,1617.6748495872203
CZE,2323,2360.38004727502
CZE,2324,2664.67111918262
CZE,2325,2675.7179897799197
CZE,2326,2192.66846638866
CZE,2327,1645.3462413403404
CZE,2328,1269.7526410319601
CZE,2329,991.5723541725401
CZE,2330,1043.79392426889
CZE,2331,976.5084397216601
CZE,2332,904.20165035748
CZE,2333,939.3507840761799
CZE,2334,941.2346604539799
CZE,2346,2535.03835787247
CZE,2347,2662.6625972558304
CZE,2348,2781.1653909360202
CZE,2349,2774.13556419228
CZE,2350,2183.6301177181304
CZE,2351,1651.3718071206904
CZE,2352,1292.85064318996
CZE,2353,982.5340055020101
CZE,2354,1056.84931679298
CZE,2355,960.4402643074
CZE,2356,860.0141679682602
CZE,2357,931.3166963690501
CZE,2358,349.6003074674502
CZE,2370,1115.5028193751803
CZE,2371,2109.31480642717
CZE,2372,2373.43543979911
CZE,2373,2547.17258646582
CZE,2374,2076.1741946352504
CZE,2375,1559.9840594520701
CZE,2376,1149.24132542499
CZE,2377,889.13773590661
CZE,2378,896.1675626503502
CZE,2379,851.9800802611298
CZE,2380,768.6264202996399
CZE,2381,833.9033829200898
CZE,2394,593.9012276988099
CZE,2395,1765.8575569473096
CZE,2396,1931.5606159068902
CZE,2397,2138.43837436552
CZE,2398,1620.2397172555602
CZE,2399,1064.88340450011
CZE,2400,687.2812822649398
CZE,2401,184.1465396058502
CZE,2402,44.55426569443989
CZE,2403,73.67783363279023
CZE,2404,78.69913844975008
CZE,2405,85.72896519348978
CZE,2419,690.2940651551098
CZE,2420,846.95877544417
CZE,2421,1080.95157991437
CZE,2422,618.9915367543199
CZE,2423,361.9007301261199
CZE,2424,27.481829316790026
CZE,2443,769.6306812630401
CZE,2444,1018.6874001841002
CZE,2445,1371.18299833449
CZE,2446,992.5766151359298
CZE,2447,736.49006947112
CZE,2448,423.16064889300014
CZE,2449,273.52576534768014
CZE,2450,400.0626467349998
CZE,2451,310.68342099315987
CZE,2452,213.27010754420007
CZE,2453,297.62802846908016
CZE,2466,1255.7922996063994
CZE,2467,2096.25941390308
CZE,2468,2261.9624728626604
CZE,2469,2386.4908323232003
CZE,2470,1880.3433067739297
CZE,2471,1298.87620897031
CZE,2472,907.21443324766
CZE,2473,622.0043196444999
CZE,2474,667.19606299711
CZE,2475,623.00858060789
CZE,2476,497.47596018396007
CZE,2477,518.21683725528
CZE,2490,790.0807187200398
CZE,2491,1990.8120127469801
CZE,2492,2204.71959794935
CZE,2493,2391.51213714015
CZE,2494,1861.2623484694896
CZE,2495,1375.2000421880498
CZE,2496,925.2911305887001
CZE,2497,638.0724950587601
CZE,2498,694.31110900868
CZE,2499,576.8125762918899
CZE,2500,467.34813128222004
CZE,2501,486.0804864267501
CZE,2514,61.51827155237038
CZE,2515,1787.9512981419202
CZE,2516,1891.3901773712396
CZE,2517,2218.7792514368302
CZE,2518,1732.71694515539
CZE,2519,1255.6929875444798
CZE,2520,811.8096417254801
CZE,2521,539.6549206464001
CZE,2522,577.81683725528
CZE,2523,462.3268264652702
CZE,2524,349.8495985654299
CZE,2525,338.1055216483099
CZE,2538,945.4756619184597
CZE,2539,1839.1686072748798
CZE,2540,1998.8461004541196
CZE,2541,2178.6088129011796
CZE,2542,1684.51241891261
CZE,2543,1179.36915432673
CZE,2544,788.7116395674698
CZE,2545,491.45039440362007
CZE,2546,561.7486618410198
CZE,2547,432.19899756352015
CZE,2548,307.67063810298987
CZE,2549,369.9348178332598
CZE,2550,94.2525166387801
CZE,2562,1390.7534203770902
CZE,2563,1934.5733987970698
CZE,2564,1943.6117474675902
CZE,2565,2005.8759271978497
CZE,2566,1538.8945792208501
CZE,2567,956.4232204538398
CZE,2568,610.95744904719
CZE,2569,111.83975024167012
CZE,2587,903.1973893940899
CZE,2588,965.4615691243598
CZE,2589,1114.0921917062901
CZE,2590,781.6818128237301
CZE,2591,496.4716992205699
CZE,2592,167.07410322818987
CZE,2611,799.7585101647801
CZE,2612,990.56809320914
CZE,2613,1374.19578122466
CZE,2614,1061.87062160993
CZE,2615,852.98434122452
CZE,2616,579.8253591820599
CZE,2617,399.0583857716101
CZE,2618,506.5143088544901
CZE,2619,425.16917081978
CZE,2620,361.9007301261199
CZE,2621,137.21178045370016
CZE,2635,1902.4370479685404
CZE,2636,2056.08897536743
CZE,2637,2248.9070803385703
CZE,2638,1752.8021644232203
CZE,2639,1229.5822024963
CZE,2640,849.97155833435
CZE,2641,575.8083153284902
CZE,2642,598.9063174865
CZE,2643,512.5398746348401
CZE,2644,421.15212696621984
CZE,2645,267.11004789109995
CZE,2659,1893.39869929802
CZE,2660,1988.8034908201998
CZE,2661,2227.81760010736
CZE,2662,1843.1856511284504
CZE,2663,1329.00403787205
CZE,2664,880.09938723609
CZE,2665,571.79127147493
CZE,2666,639.0767560221502
CZE,2667,525.5952671589198
CZE,2668,415.12656118586983
CZE,2683,1939.5947036140196
CZE,2684,2061.11028018438
CZE,2685,2241.87725359484
CZE,2686,1787.9512981419202
CZE,2687,1307.91455764083
CZE,2688,885.1206920530499
CZE,2689,644.0980608391101
CZE,2690,664.18328010694
CZE,2691,560.7444008776201
CZE,2692,445.25439008760986
CZE,2693,180.3950018795299
CZE,2706,227.91853683177033
CZE,2707,1847.2026949820101
CZE,2708,1963.6969667354197
CZE,2709,2100.2764577566504
CZE,2710,1695.5592895099098
CZE,2711,1211.50550515525
CZE,2712,820.8479903960001
CZE,2713,534.6336158294498
CZE,2714,546.6847473901398
CZE,2715,470.36091417240004
CZE,2716,352.8623814555999
CZE,2717,271.8242980644798
CZE,2731,1547.9329278913701
CZE,2732,1584.0863225734702
CZE,2733,1697.5678114366901
CZE,2734,1345.0722132863102
CZE,2735,834.90764388348
CZE,2736,500.4887430741401
CZE,2755,392.02855902786996
CZE,2756,493.4589163303999
CZE,2757,688.28554322833
CZE,2758,433.20325852690985
CZE,2759,144.98036203358015
CZE,2779,597.9020565231099
CZE,2780,737.4943304345102
CZE,2781,1061.87062160993
CZE,2782,828.88207810313
CZE,2783,655.1449314364199
CZE,2784,326.75159640743004
CZE,2785,165.06558130141002
CZE,2786,275.53428727446
CZE,2787,159.04001552106
CZE,2788,90.7502700104501
CZE,2803,1698.2234692401803
CZE,2804,1856.2410436525397
CZE,2805,2027.9696683924703
CZE,2806,1617.2269343653797
CZE,2807,1149.24132542499
CZE,2808,726.4474598371999
CZE,2809,415.12656118586983
CZE,2810,450.2756949045702
CZE,2811,361.9007301261199
CZE,2812,239.38089259236995
CZE,2826,1386.3046763309603
CZE,2827,2388.4993542499797
CZE,2828,2354.35448149467
CZE,2829,2234.84742685109
CZE,2830,1832.1387805311397
CZE,2831,1358.1276058104
CZE,2832,919.2655648083601
CZE,2833,658.1577143265899
CZE,2834,717.4091111666798
CZE,2835,628.0298854248499
CZE,2836,527.6037890857101
CZE,2851,1829.1259976409701
CZE,2852,1936.58192072385
CZE,2853,2111.3233283539503
CZE,2854,1790.9640810320898
CZE,2855,1317.9571672747402
CZE,2856,883.11217012626
CZE,2857,597.9020565231099
CZE,2858,636.0639731319802
CZE,2859,535.63787679284
CZE,2860,404.07969058855997
CZE,2861,121.79926284292009
CZE,2875,1423.4045684308398
CZE,2876,1354.1105619568302
CZE,2877,1378.2128250782298
CZE,2878,1227.57368056952
CZE,2879,790.7201614942601
CZE,2880,403.0754296251698
CZE,2899,733.69863347513
CZE,2900,740.6658070455101
CZE,2901,804.365679689
CZE,2902,579.4255044166698
CZE,2903,277.8464198701199
CZE,2923,526.6740473837699
CZE,2924,525.67873687372
CZE,2925,681.94248695229
CZE,2926,535.6318419742602
CZE,2927,250.97303609865003
CZE,2947,934.7513565061599
CZE,2948,938.7325985463699
CZE,2949,1046.22613363227
CZE,2950,834.22499499064
CZE,2951,645.11599808027
CZE,2952,356.47595016443984
CZE,2953,111.62956469099981
CZE,2954,199.21688957581
CZE,2955,100.68114908039979
CZE,2956,32.00472388664002
CZE,2971,1687.3247327107097
CZE,2972,1719.0560384291803
CZE,2973,1806.6433633139804
CZE,2974,1574.7360144712602
CZE,2975,1178.60243146953
CZE,2976,739.6704965354602
CZE,2977,240.02462048805
CZE,2978,280.83235140029
CZE,2979,143.47950101275
CZE,2980,56.887486638000155
CZE,2994,691.1636419849099
CZE,2995,1780.76529005256
CZE,2996,1729.00914352973
CZE,2997,1792.7090161732203
CZE,2998,1575.73132498132
CZE,2999,1099.9729011752202
CZE,3000,662.0362767512001
CZE,3001,342.5416030236702
CZE,3002,378.3727813856399
CZE,3003,261.92145170925005
CZE,3004,133.52639591220986
CZE,3019,1981.81801308359
CZE,3020,1877.3104095278604
CZE,3021,1848.4464047362799
CZE,3022,1607.5812613030603
CZE,3023,1144.7618741276801
CZE,3024,733.69863347513
CZE,3025,367.42436577503986
CZE,3026,382.35402342584985
CZE,3027,232.06213640761007
CZE,3028,129.5451538719899
CZE,3043,1380.8877262171698
CZE,3044,1349.79583919892
CZE,3045,1341.83335511849
CZE,3046,1151.7290476980602
CZE,3047,655.0691031808101
CZE,3048,268.8886252796301
CZE,3067,312.80091832531014
CZE,3068,305.71511415165014
CZE,3069,417.18989127777013
CZE,3070,401.2649231168898
CZE,3071,108.64363316084018
CZE,3091,353.60864923755014
CZE,3092,465.96010627044006
CZE,3093,509.75376871284016
CZE,3094,345.5275345538298
CZE,3095,122.57798030159984
CZE,3115,221.46961260683995
CZE,3116,518.71156330333
CZE,3117,658.0550347109802
CZE,3118,689.9049710327199
CZE,3119,589.37860951721
CZE,3120,313.6775982320901
CZE,3121,115.61080673121978
CZE,3122,141.4888799926398
CZE,3123,25.037550316249963
CZE,3139,1239.7908949959701
CZE,3140,1584.68911957181
CZE,3141,1624.5015399739896
CZE,3142,1462.2659268350899
CZE,3143,1009.3996447602499
CZE,3144,615.25668277863
CZE,3145,191.25440549537007
CZE,3146,195.23564753559003
CZE,3147,66.84059173854985
CZE,3163,1517.2452660946499
CZE,3164,1688.20141261749
CZE,3165,1706.1170017984696
CZE,3166,1484.16275805629
CZE,3167,1024.3293024110699
CZE,3168,651.0878611406001
CZE,3169,408.23209668726986
CZE,3170,382.35402342584985
CZE,3171,265.90269374947
CZE,3172,145.47012203286022
CZE,3187,1341.31256702154
CZE,3188,1645.4030606851402
CZE,3189,1668.2952024163997
CZE,3190,1481.1768265261298
CZE,3191,1092.0104170947802
CZE,3192,658.0550347109802
CZE,3193,384.34464444596006
CZE,3194,403.255544137
CZE,3195,280.83235140029
CZE,3196,141.4888799926398
CZE,3211,1451.6734030343198
CZE,3212,1693.1779651677598
CZE,3213,1670.2858234365003
CZE,3214,1510.04083131771
CZE,3215,1135.8040795371799
CZE,3216,783.4641589778598
CZE,3217,392.3071285264
CZE,3218,368.4196762850902
CZE,3219,261.92145170925005
CZE,3220,176.32474784455007
CZE,3235,1135.4019220435098
CZE,3236,1416.48164337258
CZE,3237,1332.8755605279998
CZE,3238,1227.37264646221
CZE,3239,798.3938166286798
CZE,3240,412.2133387274898
CZE,3259,166.72753455382983
CZE,3260,413.20864923755016
CZE,3261,399.27430209678005
CZE,3262,408.23209668726986
CZE,3263,186.27785294510022
CZE,3283,95.53970024300975
CZE,3284,645.11599808027
CZE,3285,739.6704965354602
CZE,3286,783.4641589778598
CZE,3287,687.9143500126202
CZE,3288,395.2930600565601
CZE,3289,120.58735928150008
CZE,3290,215.14185773667987
CZE,3291,99.68583857034992
CZE,3307,1084.87834723728
CZE,3308,1575.73132498132
CZE,3309,1513.02676284788
CZE,3310,1481.1768265261298
CZE,3311,1108.93069576571
CZE,3312,682.9377974623399
CZE,3313,342.5416030236702
CZE,3314,348.5134660839999
CZE,3315,243.0105520182101
CZE,3316,95.82322713340992
CZE,3331,1580.06845883136
CZE,3332,1815.6011579044798
CZE,3333,1691.18734414765
CZE,3334,1488.14400009651
CZE,3335,1080.0666909741299
CZE,3336,698.8627656232202
CZE,3337,418.18520178782
CZE,3338,430.1289279084799
CZE,3339,278.8417303801798
CZE,3340,82.88419050270014
CZE,3354,567.6988730542996
CZE,3355,1823.9195337947397
CZE,3356,1998.73829175452
CZE,3357,1764.84032189169
CZE,3358,1532.9329730489699
CZE,3359,1140.7806320874602
CZE,3360,740.6658070455101
CZE,3361,424.1570648481502
CZE,3362,396.28837056661996
CZE,3363,284.8135934405
CZE,3364,124.68723192499002
CZE,3378,390.6522328678502
CZE,3379,1764.0822725881897
CZE,3380,1896.2213092189004
CZE,3381,1689.1967231275403
CZE,3382,1448.3315796943298
CZE,3383,1092.0104170947802
CZE,3384,723.7455283745799
CZE,3385,387.33057597613015
CZE,3386,388.32588648618
CZE,3387,286.8042144606102
CZE,3388,118.71536886465984
CZE,3403,1188.1533790764001
CZE,3404,1426.4347484731302
CZE,3405,1276.14286145488
CZE,3406,1072.10420689369
CZE,3407,684.9284184824501
CZE,3408,352.49470812421987
CZE,3427,354.84122095415
CZE,3428,513.7350107530601
CZE,3429,415.1992702576599
CZE,3430,333.5838084331799
CZE,3431,119.5920487714402
CZE,3451,105.49280534354989
CZE,3452,655.0691031808101
CZE,3453,655.0691031808101
CZE,3454,669.9987608316301
CZE,3455,577.43488339656
CZE,3456,267.8933147695798
CZE,3457,91.72335448990998
CZE,3458,118.59673826138987
CZE,3459,4.136029605109798
CZE,3475,1489.6138330196695
CZE,3476,1733.9856960799998
CZE,3477,1622.5109189538798
CZE,3478,1409.5144698022
CZE,3479,968.5919138480099
CZE,3480,597.3410935976499
CZE,3481,285.80890395055985
CZE,3482,271.8745568097902
CZE,3483,154.42791662335003
CZE,3484,78.7843178592002
CZE,3499,1424.3978617691703
CZE,3500,1870.34323595748
CZE,3501,1735.9763171001096
CZE,3502,1501.0830367272201
CZE,3503,1145.75718463773
CZE,3504,757.5860857164398
CZE,3505,371.4056078152498
CZE,3506,390.3165075062898
CZE,3507,261.92145170925005
CZE,3508,129.66378447525986
CZE,3523,1435.3462773797703
CZE,3524,1906.17441431944
CZE,3525,1735.9763171001096
CZE,3526,1535.91890457913
CZE,3527,1219.41016238177
CZE,3528,802.3750586688898
CZE,3529,476.9085218810401
CZE,3530,464.9647957603902
CZE,3531,325.62132435274
CZE,3532,229.07620487744998
CZE,3547,893.2579412098403
CZE,3548,1553.83449376012
CZE,3549,1516.0126943780401
CZE,3550,1449.32689020438
CZE,3551,1126.84628494669
CZE,3552,732.7033229650701
CZE,3553,379.3680918956902
CZE,3554,364.4384342448702
CZE,3555,239.02930997799012
CZE,3556,89.85136407308019
CZE,3571,642.6769538826399
CZE,3572,1301.02562420625
CZE,3573,1103.9541432154401
CZE,3574,1014.3761973105202
CZE,3575,684.9284184824501
CZE,3576,316.66352976225016
CZE,3596,131.5357748921001
CZE,3597,115.61080673121978
CZE,3598,137.50763795241983
CZE,3620,309.6963561918701
CZE,3621,456.0070011698899
CZE,3622,543.5943260547001
CZE,3623,562.5052257457401
CZE,3624,156.41853764345979
CZE,3643,599.9031506499801
CZE,3644,1390.66849610809
CZE,3645,1345.76596200714
CZE,3646,1228.0215392535501
CZE,3647,892.7492846331302
CZE,3648,467.67196181081
CZE,3649,174.30873901793984
CZE,3650,148.36505264849984
CZE,3651,67.54049126680002
CZE,3667,696.50535980247
CZE,3668,1594.22665069906
CZE,3669,1494.44324158584
CZE,3670,1389.6706620169598
CZE,3671,1171.1449960590098
CZE,3672,738.08500050764
CZE,3673,372.8777231532499
CZE,3674,325.9795208700398
CZE,3675,215.21993675435988
CZE,3691,744.1313507088798
CZE,3692,1572.27430069416
CZE,3693,1476.4822279454602
CZE,3694,1406.6338415662099
CZE,3695,1110.27711649995
CZE,3696,640.2972595766801
CZE,3697,326.97735496117
CZE,3698,305.0250049562601
CZE,3699,163.33256401548988
CZE,3715,512.1760984109397
CZE,3716,1446.5472052115
CZE,3717,1375.70098474111
CZE,3718,1287.8915847214798
CZE,3719,1079.34425967485
CZE,3720,673.22578458404
CZE,3721,335.95786178135995
CZE,3722,289.0596594981498
CZE,3723,167.32390038001995
CZE,3739,273.6937506303499
CZE,3740,1151.18831423637
CZE,3741,975.5695141971
CZE,3742,895.74278690652
CZE,3743,664.24527776385
CZE,3744,288.06182540701
CZE,3764,94.48201172736981
CZE,3765,72.52966172245988
CZE,3766,161.33689583321984
CZE,3767,97.47551400076009
CZE,3788,431.7499345300498
CZE,3789,466.6741277196802
CZE,3790,509.5809936383598
CZE,3791,501.5983209093001
CZE,3792,194.2654208405902
CZE,3811,760.55443932226
CZE,3812,1594.22665069906
CZE,3813,1508.4129188616898
CZE,3814,1276.9154097190199
CZE,3815,927.6734778227501
CZE,3816,516.5658322762902
CZE,3817,225.19827766568005
CZE,3818,170.31740265341023
CZE,3819,60.55565262887012
CZE,3835,1009.2028257015199
CZE,3836,1574.26996887642
CZE,3837,1487.4584029479201
CZE,3838,1254.96305971412
CZE,3839,929.6691460050201
CZE,3840,519.55933454968
CZE,3841,212.22643448097006
CZE,3842,180.29574356473995
CZE,3843,65.54482308452998
CZE,3859,593.4584029479201
CZE,3860,1483.46706658339
CZE,3861,1403.64033929281
CZE,3862,1265.93923471657
CZE,3863,1071.36158694579
CZE,3864,605.3730663870501
CZE,3865,270.10081176663016
CZE,3866,215.21993675435988
CZE,3867,99.47118218303012
CZE,3883,486.9602006647
CZE,3884,1502.4259143149002
CZE,3885,1405.63600747508
CZE,3886,1273.92190744563
CZE,3887,1044.42006648522
CZE,3888,613.3557391161098
CZE,3889,290.05749358928006
CZE,3890,206.23942993416995
CZE,3891,118.43002991453977
CZE,3907,185.69665292338004
CZE,3908,1280.90674608355
CZE,3909,1123.24895968466
CZE,3910,1033.4438914827701
CZE,3911,755.04818005688
CZE,3912,363.89721633306
CZE,3932,277.08565040456006
CZE,3933,185.2849140203998
CZE,3934,162.3347299243601
CZE,3935,93.48417763623002
CZE,3955,69.16076407438999
CZE,3956,550.4921913747798
CZE,3957,537.5203481900598
CZE,3958,508.58315954723
CZE,3959,507.5853254560998
CZE,3960,187.28058220265984
CZE,3979,643.3501075045301
CZE,3980,1506.4172506794298
CZE,3981,1338.78112336922
CZE,3982,1132.2294665048498
CZE,3983,923.68214145823
CZE,3984,483.6373072689198
CZE,3985,193.26758674944995
CZE,3986,134.39537537265005
CZE,3987,41.596804897360016
CZE,4003,260.80425522621977
CZE,4004,1579.25913933208
CZE,4005,1436.56886430018
CZE,4006,1218.04319834222
CZE,4007,1006.5023710221999
CZE,4008,646.2842641234702
CZE,4009,273.09431404003
CZE,4010,261.1203049464398
CZE,4011,156.34772537755998
CZE,4028,1407.63167565734
CZE,4029,1263.9435665342999
CZE,4030,1147.1969778718399
CZE,4031,937.6518187340798
CZE,4032,558.47486410384
CZE,4033,233.1809503947402
CZE,4034,207.2372640253002
CZE,4035,65.54482308452998
CZE,4051,825.6837007137897
CZE,4052,1639.12918480001
CZE,4053,1499.4324120415
CZE,4054,1325.8092801845
CZE,4055,1044.42006648522
CZE,4056,627.3254163919601
CZE,4057,300.0358345005998
CZE,4058,235.17661857700978
CZE,4059,122.42136627906984
CZE,4060,19.644454892450085
CZE,4076,1193.0973460639202
CZE,4077,1028.4547210271098
CZE,4078,859.8207596257598
CZE,4079,583.4207163821402
CZE,4080,226.19611175681985
CZE,4101,17.648786710190052
CZE,4102,0.6856071609399805
CZE,4124,482.63947317779
CZE,4125,474.6568004487299
CZE,4126,473.6589663576001
CZE,4127,505.5896572738302
CZE,4128,231.18528221248016
CZE,4130,35.60980035056991
CZE,4147,1219.2057279945504
CZE,4148,1715.9624098171898
CZE,4149,1514.39992340849
CZE,4150,1267.93490289883
CZE,4151,917.6951369114299
CZE,4152,556.47919592157
CZE,4153,224.2004435745498
CZE,4154,234.17878448586998
CZE,4155,120.4256980967998
CZE,4156,19.914500360380224
CZE,4171,318.9486779798199
CZE,4172,1583.25047569661
CZE,4173,1416.61218247753
CZE,4174,1289.8872529037399
CZE,4175,1111.2749505910801
CZE,4176,672.2279504929102
CZE,4177,331.9665254168299
CZE,4178,270.10081176663016
CZE,4179,181.2935776558702
CZE,4196,1435.5710302090401
CZE,4197,1325.8092801845
CZE,4198,1255.9608938052502
CZE,4199,1051.40490512315
CZE,4200,655.2647709436601
CZE,4201,290.05749358928006
CZE,4202,272.0964799489002
CZE,4203,161.33689583321984
CZE,4204,14.92532990471991
CZE,4219,279.2230120218703
CZE,4220,1366.72047792092
CZE,4221,1243.98688471166
CZE,4222,1161.16665514769
CZE,4223,960.60200283012
CZE,4224,579.4293800176201
CZE,4225,236.17445266814002
CZE,4226,235.17661857700978
CZE,4227,126.41270264359991
CZE,4243,300.6352710909197
CZE,4244,1227.02370516241
CZE,4245,1007.5002051133301
CZE,4246,831.8814050740598
CZE,4247,556.47919592157
CZE,4248,217.21560493662992
CZE,4268,146.3693844662398
CZE,4269,107.4538549120798
CZE,4270,103.4625185475602
CZE,4292,345.9362026926801
CZE,4293,368.88638678871985
CZE,4294,448.7131140792999
CZE,4295,556.47919592157
CZE,4296,202.24809356963988
CZE,4315,54.79268929772002
CZE,4316,1313.8352710909198
CZE,4317,1192.09951197279
CZE,4318,1151.18831423637
CZE,4319,959.6041687389802
CZE,4320,505.5896572738302
CZE,4321,236.17445266814002
CZE,4322,165.3282321977499
CZE,4323,67.54049126680002
CZE,4339,84.99775749962032
CZE,4340,1417.6100165686598
CZE,4341,1304.85476427072
CZE,4342,1202.0778528841101
CZE,4343,1091.3182687684298
CZE,4344,634.31025502989
CZE,4345,289.8454104133002
CZE,4346,235.1209585588199
CZE,4347,80.89750333255006
CZE,4364,1434.08394918883
CZE,4365,1326.6250255473
CZE,4366,1301.75027470436
CZE,4367,1156.4817297815498
CZE,4368,755.50074619325
CZE,4369,379.39451344789995
CZE,4370,287.85543034586
CZE,4371,175.4215565357399
CZE,4388,1419.1590986830602
CZE,4389,1286.82542419859
CZE,4390,1215.1861417709001
CZE,4391,1110.71218823053
CZE,4392,718.68611494569
CZE,4393,347.55483236892997
CZE,4394,263.97566953663
CZE,4395,149.55181565908015
CZE,4412,1160.4616899164198
CZE,4413,947.5338227008001
CZE,4414,821.1700884186298
CZE,4415,618.1921215401899
CZE,4416,240.0959087274
CZE,4436,79.90251329882994
CZE,4437,23.18808137690985
CZE,4438,72.93758306281006
CZE,4439,36.12295181523996
CZE,4460,60.00271262446995
CZE,4461,16.223151140889968
CZE,4462,72.93758306281006
CZE,4463,76.91754319768006
CZE,4484,327.65503169458
CZE,4485,304.7702609190701
CZE,4486,392.32938388624007
CZE,4487,454.0187659767398
CZE,4488,115.72215451266993
CZE,4507,109.15289276291992
CZE,4508,1602.2372648871496
CZE,4509,1535.5729326280498
CZE,4510,1490.7983811107501
CZE,4511,1338.56490595192
CZE,4512,828.1350186546601
CZE,4513,413.22417459431017
CZE,4514,328.6500217282901
CZE,4515,182.3864867717698
CZE,4516,60.997702658190065
CZE,4531,673.4126137070198
CZE,4532,1517.66311202113
CZE,4533,1356.4747265588398
CZE,4534,1269.91059362538
CZE,4535,1058.9727064772
CZE,4536,749.5308059909498
CZE,4537,384.36946361649007
CZE,4538,320.6901014585501
CZE,4539,202.2862874461298
CZE,4540,51.04780232100984
CZE,4556,1246.03083281616
CZE,4557,1090.81238755617
CZE,4558,1021.1630851959198
CZE,4559,853.0097694975998
CZE,4560,454.0187659767398
CZE,4561,34.13297174781019
CZE,4580,946.53883266708
CZE,4581,829.1300086883798
CZE,4582,698.78631427134
CZE,4583,453.02377594303016
CZE,4584,95.82235383831994
CZE,4628,364.4696629421401
CZE,4629,372.4295832118801
CZE,4630,499.78830752776
CZE,4631,493.8183673254598
CZE,4632,150.5468056927998
CZE,4651,685.0542880424199
CZE,4652,1421.1490787505
CZE,4653,1324.6350454798699
CZE,4654,1151.5067796129601
CZE,4655,867.9346200033701
CZE,4656,498.7933174940499
CZE,4657,177.41153660318014
CZE,4658,129.65201498472015
CZE,4659,35.12796178152985
CZE,4675,563.96370999806
CZE,4676,1440.0538893911398
CZE,4677,1385.32943753666
CZE,4678,1257.97071322077
CZE,4679,991.3133841843901
CZE,4680,582.3724803263499
CZE,4681,253.0307791657401
CZE,4682,192.33638710895002
CZE,4683,72.93758306281006
CZE,4700,1338.56490595192
CZE,4701,1250.01079295103
CZE,4702,1252.9957630521799
CZE,4703,1014.1981549599
CZE,4704,605.2572511018602
CZE,4705,253.0307791657401
CZE,4706,175.4215565357399
CZE,4707,63.98267275933995
CZE,4723,405.0635106724201
CZE,4724,1453.98374986319
CZE,4725,1335.5799358507602
CZE,4726,1321.65007537871
CZE,4727,1087.8274174550202
CZE,4728,713.7111647770998
CZE,4729,379.39451344789995
CZE,4730,280.8905001098401
CZE,4731,164.47666616485003
CZE,4732,59.007722590749836
CZE,4747,506.25428804241983
CZE,4748,1261.95067335564
CZE,4749,1056.9827264097598
CZE,4750,988.3284140832302
CZE,4751,692.8163740690302
CZE,4752,264.9706595703501
CZE,4772,252.03578913202
CZE,4773,198.3063273112598
CZE,4774,247.0608389634299
CZE,4775,114.72716447894982
CZE,4796,454.0187659767398
CZE,4797,433.12397526867016
CZE,4798,606.2522411355799
CZE,4799,649.0368125854402
CZE,4800,305.7652509527802
CZE,4801,45.07786211871007
CZE,4802,31.14800164665985
CZE,4819,414.91400898651966
CZE,4820,1417.16911861563
CZE,4821,1310.70518500782
CZE,4822,1317.67011524384
CZE,4823,1100.7622878933498
CZE,4824,667.9416232260801
CZE,4825,285.8654502784302
CZE,4826,207.2612376147199
CZE,4827,78.90752326510983
CZE,4843,536.40219512317
CZE,4844,1560.447683471
CZE,4845,1437.06891928998
CZE,4846,1378.36450730063
CZE,4847,1172.4015703210298
CZE,4848,707.7412245748001
CZE,4849,332.6299818631701
CZE,4850,251.04079909829989
CZE,4851,123.68207478241993
CZE,4852,33.137981714090074
CZE,4867,896.0915772136797
CZE,4868,1579.3524941116402
CZE,4869,1474.8785405712601
CZE,4870,1495.7733312793398
CZE,4871,1237.0759225127
CZE,4872,773.4105668001798
CZE,4873,477.8985267859698
CZE,4874,384.36946361649007
CZE,4875,291.83539048073
CZE,4876,135.62195518702993
CZE,4891,517.1991784133202
CZE,4892,1343.5398561205102
CZE,4893,1309.7101949741
CZE,4894,1338.56490595192
CZE,4895,1084.8424473538598
CZE,4896,676.8965335295402
CZE,4897,355.51475263867997
CZE,4898,279.89551007612
CZE,4899,128.65702495100004
CZE,4900,1.2983006351200856
CZE,4915,741.66931794127
CZE,4916,1264.9356434567999
CZE,4917,1091.8073775898902
CZE,4918,1083.8474573201502
CZE,4919,772.4155767664602
CZE,4920,395.31435398738995
CZE,4940,158.5067259625398
CZE,4941,156.51674589511003
CZE,4942,198.3063273112598
CZE,4943,11.248200972299855
CZE,4964,55.02776245587984
CZE,4965,141.59189538934015
CZE,4966,355.51475263867997
CZE,4967,196.31634724382002
CZE,4987,506.6528659377101
CZE,4988,972.4085735437502
CZE,4989,903.7542612172101
CZE,4990,885.8444406102899
CZE,4991,561.4776896182698
CZE,4992,147.56183559163992
